epoch,step,test_loss,train_loss
0,49,,57.846046447753906
0,99,,62.30641555786133
0,149,,49.38436508178711
0,150,56.36613082885742,
