epoch,step,test_loss,train_loss
0,49,,0.03132801502943039
0,81,0.008713125251233578,
