epoch,step,test_loss,train_loss
0,49,,0.016654035076498985
0,90,0.0064423568546772,
