epoch,step,test_loss,train_loss
0,49,,0.0031310690101236105
0,99,,0.0019485208904370666
0,149,,0.03024326078593731
0,196,0.008713125251233578,
