epoch,step,test_loss,train_loss
0,49,,0.011837474070489407
0,99,,0.006914512254297733
0,148,0.0023038743529468775,
