epoch,step,test_loss,train_loss
0,49,,65.67473602294922
0,99,,58.765357971191406
0,149,,50.34054946899414
0,199,,58.919063568115234
0,229,56.36613082885742,
