epoch,step,test_loss,train_loss
0,49,,58.01091766357422
0,99,,52.306270599365234
0,149,,61.75143051147461
0,166,56.36613082885742,
